{
  "buildCommand": "npm run build",
  "outputDirectory": "dist",
  "framework": "vite",
  "rewrites": [
    {
      "source": "/(.*)",
      "destination": "/index.html"
    }
  ],
  "headers": [
    {
      "source": "/assets/(.*)",
      "headers": [
        {
          "key": "Cache-Control",
          "value": "public, max-age=31536000, immutable"
        }
      ]
    },
    {
      "source": "/(.*).html",
      "headers": [
        {
          "key": "Cache-Control",
          "value": "public, max-age=0, must-revalidate"
        }
      ]
    },
    {
      "source": "/",
      "headers": [
        {
          "key": "Cache-Control",
          "value": "public, max-age=0, must-revalidate"
        }
      ]
    }
  ]
}
